{"xy_sens": 15.2, "targeting_sens": 37.0, "xy_scale": 0.6666666666666666, "targeting_scale": 1.6666666666666667}